Острянко; Алексей; 1616416; Мой номер;
Монахов;Андрей;213546498432;Друг;;
Гущин;Антон;12316546465;Коллега;;
Борисов;Николай;1265464685;Начальник;;
Монахов;Андрей;213546498432;Друг;;
Гущин;Антон;12316546465;Коллега;;
Борисов;Николай;1265464685;Начальник;;
Острянко; Алексей; 1616416; Мой номер;
Монахов;Андрей;213546498432;Друг;;
Гущин;Антон;12316546465;Коллега;;
Борисов;Николай;1265464685;Начальник;;
Монахов;Андрей;213546498432;Друг;;
Гущин;Антон;12316546465;Коллега;;
Борисов;Николай;1265464685;Начальник;;
Острянко; Алексей; 1616416; Мой номер;
Монахов;Андрей;213546498432;Друг;;
Гущин;Антон;12316546465;Коллега;;
Борисов;Николай;1265464685;Начальник;;
Монахов;Андрей;213546498432;Друг;;
Гущин;Антон;12316546465;Коллега;;
Борисов;Николай;1265464685;Начальник;;
